Dataset_ID,inference_ Input_Values
Dataset_9,8
Dataset_12,8
Dataset_21,8
Dataset_23,8
Dataset_29,8
Dataset_39,8
Dataset_42,8
Dataset_43,8
Dataset_66,8
Dataset_74,8
Dataset_75,8
Dataset_79,8
Dataset_92,8
Dataset_102,8
Dataset_103,8
Dataset_105,8
Dataset_110,8
Dataset_115,8
Dataset_118,8
Dataset_119,8
Dataset_131,8
Dataset_141,8
Dataset_151,8
Dataset_153,8
Dataset_155,8
Dataset_161,8
Dataset_165,8
Dataset_176,8
Dataset_177,8
Dataset_185,8
Dataset_188,8
Dataset_198,8
Dataset_200,8
Dataset_204,8
Dataset_205,8
Dataset_209,8
Dataset_211,8
Dataset_212,8
Dataset_217,8
Dataset_218,8
Dataset_227,8
Dataset_242,8
Dataset_246,8
Dataset_251,8
Dataset_256,8
Dataset_272,8
Dataset_287,8
Dataset_290,8
Dataset_294,8
Dataset_297,8
Dataset_300,8
Dataset_301,8
Dataset_306,8
Dataset_310,8
Dataset_314,8
Dataset_321,8
Dataset_325,8
Dataset_335,8
Dataset_338,8
Dataset_348,8
Dataset_352,8
Dataset_354,8
Dataset_361,8
Dataset_367,8
Dataset_370,8
Dataset_383,8
Dataset_386,8
Dataset_391,8
Dataset_397,8
Dataset_401,8
Dataset_421,8
Dataset_428,8
Dataset_429,8
Dataset_430,8
Dataset_435,8
Dataset_437,8
Dataset_439,8
Dataset_440,8
Dataset_446,8
Dataset_447,8
Dataset_451,8
Dataset_453,8
Dataset_461,8
Dataset_462,8
Dataset_465,8
Dataset_469,8
Dataset_482,8
Dataset_483,8
Dataset_490,8
Dataset_491,8
Dataset_495,8
Dataset_498,8
Dataset_499,8
Dataset_505,8
Dataset_506,8
Dataset_507,8
